ticker,company_name,link,market_cap_B,change,volume,revenue_B,pe_ratio,forward_pe,pb_ratio,peg_ratio,earnings_yield,roe,roa,operating_margin,profit_margin,eps,beta,price_change_52w,rsi,short_percent_float,short_ratio,cash_B,total_debt_B,equity_B,book_value_per_share,dividend_yield,dividend_growth,payout_ratio,buyback_yield,shareholder_yield,price_target_difference,analyst_consensus,analyst_count,revenue_growth_forecast_3y,eps_growth_forecast_3y
BRK.B,Berkshire Hathaway Inc.,https://stockanalysis.com/stocks/brk.b/,1080.0,-0.0057,3969452,384.69,12.55,22.88,1.43,,0.0797,0.12119999999999999,0.0601,0.30329999999999996,0.223,39.77,0.61,0.052000000000000005,47.46,,2.33,365.51,128.6,750.18,348.15,,,,0.0,0.0,0.08470000000000001,Buy,4,0.0558,0.0395
JPM,JPMorgan Chase & Co.,https://stockanalysis.com/stocks/jpm/,964.5,-0.0007,5057884,186.33,15.59,15.05,2.73,1.49,0.0659,0.1779,0.013600000000000001,0.45039999999999997,0.3492,23.3,0.98,0.2339,58.73,0.010700000000000001,2.96,1530.0,1340.0,374.6,133.01,0.0167,0.1321,0.2575,0.035699999999999996,0.052199999999999996,0.042,Buy,24,0.0649,0.1073
V,Visa Inc.,https://stockanalysis.com/stocks/v/,668.44,-0.0036,8106908,44.49,31.01,25.19,19.3,1.87,0.0335,0.6119,0.1911,0.6688,0.5078,11.75,0.76,0.0574,55.0,0.012199999999999999,2.58,13.79,23.86,35.18,18.87,0.0073,0.1356,0.2281,0.0288,0.0361,0.14,Strong Buy,40,0.1191,0.1399
MA,Mastercard Incorporated,https://stockanalysis.com/stocks/ma/,498.7,0.004,2473346,35.08,31.58,27.01,89.79,1.62,0.0323,2.412,0.24059999999999998,0.5988,0.46340000000000003,18.18,0.73,-0.0204,61.05,0.0103,2.78,11.61,24.64,5.61,6.4,0.0060999999999999995,0.1463,0.19140000000000001,0.0235,0.029500000000000002,0.16140000000000002,Strong Buy,40,0.1276,0.1629
BAC,Bank of America Corporation,https://stockanalysis.com/stocks/bac/,450.96,0.0062,21845904,113.93,14.84,12.91,1.63,0.83,0.0718,0.11199999999999999,0.0097,0.3686,0.2952,4.33,1.17,0.3348,62.2,0.0,,868.14,788.99,301.09,39.34,0.02,0.0943,0.2957,0.037200000000000004,0.0572,0.0724,Buy,24,0.059800000000000006,0.1578
HSBC,HSBC Holdings plc,https://stockanalysis.com/stocks/hsbc/,355.09,0.0023,604351,67.43,16.67,11.42,1.78,,0.06,0.1311,0.0078000000000000005,0.4999,0.37799999999999995,6.19,0.58,0.6194,54.39,0.0004,4.31,1220.0,837.58,197.08,10.08,0.0362,0.13720000000000002,0.6027,0.038599999999999995,0.0748,0.024700000000000003,Hold,3,0.054299999999999994,0.11019999999999999
MS,Morgan Stanley,https://stockanalysis.com/stocks/ms/,341.38,-0.0047,3406025,77.83,17.58,16.65,3.21,1.53,0.0572,0.1797,0.013500000000000002,0.402,0.259,12.38,1.21,0.4915,50.33,0.0,0.01,739.08,607.5,117.44,67.8,0.021400000000000002,0.0993,0.37170000000000003,0.0134,0.0346,0.09970000000000001,Buy,25,0.087,0.1197
GS,"The Goldman Sachs Group, Inc.",https://stockanalysis.com/stocks/gs/,314.7,-0.0031,1592942,67.57,16.1,14.91,2.87,1.03,0.0634,0.16899999999999998,0.010700000000000001,0.3936,0.3104,64.63,1.29,0.4069,46.04,0.0206,3.06,1160.0,897.49,123.73,362.05,0.0196,0.3846,0.2785,0.0472,0.0663,0.1174,Hold,25,0.0776,0.1495
RY,Royal Bank of Canada,https://stockanalysis.com/stocks/ry/,301.14,0.0073,1193247,48.28,18.85,17.61,2.87,,0.0535,0.162,0.0095,0.4542,0.3369,11.3,0.93,0.5611999999999999,54.94,0.006500000000000001,4.39,583.46,354.89,103.42,68.53,0.0223,0.11449999999999999,0.41979999999999995,0.0086,0.030899999999999997,-0.0875,Buy,14,0.0528,0.09910000000000001
WFC,Wells Fargo & Company,https://stockanalysis.com/stocks/wfc/,268.59,0.0081,8788502,83.03,12.7,11.76,1.61,0.87,0.0818,0.1258,0.0108,0.32789999999999997,0.2723,6.88,0.92,0.1219,49.59,0.0,,496.41,478.47,182.32,54.43,0.0231,0.12119999999999999,0.2907,0.059800000000000006,0.0827,0.1505,Buy,26,0.0508,0.12480000000000001
MUFG,"Mitsubishi UFJ Financial Group, Inc.",https://stockanalysis.com/stocks/mufg/,260.73,-0.0017,2678100,44.67,20.1,14.17,1.66,,0.049699999999999994,0.0946,0.0051,0.4771,0.27449999999999997,1.08,0.32,0.4289,56.32,,1.5,880.39,666.77,148.77,12.41,0.0195,0.2634,0.4114,0.0217,0.0412,-0.0235,Hold,2,0.366,
C,Citigroup Inc.,https://stockanalysis.com/stocks/c/,233.72,0.0043,6829934,81.71,14.96,11.79,1.2,0.48,0.0713,0.08529999999999999,0.0066,0.311,0.2183,9.2,1.1,0.45039999999999997,52.01,0.0003,0.03,1100.0,881.62,214.45,114.74,0.0196,0.0833,0.2914,0.0642,0.0836,0.1346,Buy,21,0.0658,0.2426
AXP,American Express Company,https://stockanalysis.com/stocks/axp/,231.28,-0.0034,1529661,70.91,20.55,18.24,6.67,1.43,0.0493,0.34380000000000005,0.0379,0.2026,0.16140000000000002,16.47,1.05,0.1079,48.91,0.0233,3.84,45.75,59.09,34.28,50.79,0.011200000000000002,0.16449999999999998,0.21489999999999998,0.024900000000000002,0.0361,0.1058,Buy,30,0.1199,0.142
SAN,"Banco Santander, S.A.",https://stockanalysis.com/stocks/san/,212.0,-0.0014,17276588,55.45,11.48,10.69,1.55,,0.08710000000000001,0.1311,0.0078000000000000005,0.4233,0.3346,1.22,0.93,0.4772,50.83,0.0064,9.36,360.27,462.5,132.41,8.72,0.0141,0.1898,0.1643,0.0349,0.0489,-0.0478,Hold,3,0.0482,0.1672
TD,The Toronto-Dominion Bank,https://stockanalysis.com/stocks/td/,205.49,0.0102,1389110,43.48,19.61,16.87,2.21,,0.052199999999999996,0.1191,0.0072,0.3393,0.2519,6.22,0.87,0.648,52.93,0.0062,3.4,468.08,384.0,91.33,53.88,0.0254,0.0392,0.4982,0.0315,0.056900000000000006,-0.061200000000000004,Buy,13,0.0658,0.12179999999999999
SCHW,The Charles Schwab Corporation,https://stockanalysis.com/stocks/schw/,192.11,0.0123,5986032,26.03,20.34,15.45,4.39,0.76,0.050300000000000004,0.2027,0.0207,0.502,0.38789999999999997,5.49,0.75,0.1595,74.06,0.0,0.01,96.36,75.78,50.15,25.42,0.0115,0.1604,0.22399999999999998,0.0336,0.0451,0.12029999999999999,Buy,22,0.1272,0.2218
BLK,"BlackRock, Inc.",https://stockanalysis.com/stocks/blk/,190.7,-0.0077,515058,27.3,27.59,19.3,3.11,1.18,0.0351,0.12279999999999999,0.0374,0.353,0.2409,41.83,1.42,0.0225,63.28,0.0151,2.73,13.84,14.97,64.54,371.7,0.0197,0.0806,0.5478999999999999,-0.06559999999999999,-0.0458,0.1308,Buy,17,0.147,0.1578
BX,Blackstone Inc.,https://stockanalysis.com/stocks/bx/,179.02,-0.0361,3805067,15.48,32.18,22.4,12.48,1.42,0.020099999999999996,0.31370000000000003,0.1433,0.48479999999999995,0.2273,4.47,1.55,-0.1505,61.59,0.0354,5.38,2.66,15.3,22.43,11.27,0.033,0.22769999999999999,1.1708,-0.0195,0.014199999999999999,-0.0113,Buy,23,0.1354,0.1418
SMFG,"Sumitomo Mitsui Financial Group, Inc.",https://stockanalysis.com/stocks/smfg/,165.96,0.0008,951275,29.01,20.08,13.87,1.56,,0.049800000000000004,0.0857,0.0042,0.34909999999999997,0.2782,1.29,0.39,0.4826,46.58,,4.7,703.36,363.94,99.92,26.08,0.0187,0.20629999999999998,0.3851,0.0158,0.0341,,,,0.0782,
UBS,UBS Group AG,https://stockanalysis.com/stocks/ubs/,164.29,-0.0019,844373,53.04,17.05,13.1,1.81,,0.0587,0.1067,0.005699999999999999,0.3114,0.1795,2.93,0.83,0.32689999999999997,51.98,0.002,3.2,575.37,599.21,89.43,29.12,0.0104,-0.2593,0.18739999999999998,0.0271,0.0375,0.0288,Buy,3,0.06280000000000001,0.1906
BBVA,"Banco Bilbao Vizcaya Argentaria, S.A.",https://stockanalysis.com/stocks/bbva/,159.78,0.0017,1896780,39.0,13.0,11.49,2.18,,0.07690000000000001,0.1892,0.013500000000000002,0.5390999999999999,0.3256,2.16,0.89,0.4964,70.52,,1.06,209.73,227.28,72.88,11.66,0.0302,0.38439999999999996,0.4017,0.0155,0.045599999999999995,-0.1499,Sell,3,0.0832,0.1255
COF,Capital One Financial Corporation,https://stockanalysis.com/stocks/cof/,139.47,0.0157,2972549,48.11,14.19,10.07,1.32,1.0,0.075,0.09029999999999999,0.0152,0.3125,0.2187,16.19,1.02,0.0298,61.47,0.0178,2.44,56.64,48.99,113.79,167.86,0.0144,0.3333,0.19760000000000003,-0.5231,-0.5085999999999999,0.1567,Buy,24,0.10289999999999999,0.12869999999999998
CB,Chubb Limited,https://stockanalysis.com/stocks/cb/,132.58,-0.0025,2433227,61.9,12.22,12.34,1.77,1.64,0.084,0.1482,0.0336,0.23559999999999998,0.1807,28.26,0.39,0.25920000000000004,47.78,0.012,2.07,7.97,25.01,80.85,195.45,0.0118,0.058499999999999996,0.1444,0.024900000000000002,0.0368,0.0643,Buy,25,-0.0382,0.08310000000000001
MFG,"Mizuho Financial Group, Inc.",https://stockanalysis.com/stocks/mfg/,131.62,-0.0109,1830359,29.16,15.28,13.83,1.82,,0.0654,0.1249,0.0048,0.3824,0.2914,0.7,0.38,0.5943,54.2,,2.8,734.87,463.24,71.29,29.1,0.013500000000000002,0.0194,0.2024,0.0222,0.035699999999999996,0.0155,Hold,2,0.115,
BMO,Bank of Montreal,https://stockanalysis.com/stocks/bmo/,130.16,0.009,481265,25.48,18.95,16.48,2.04,,0.0533,0.1137,0.0066,0.4065,0.28059999999999996,9.56,1.15,0.6091,56.66,0.0086,8.77,333.97,242.4,62.9,88.12,0.026699999999999998,0.0649,0.5062,0.023,0.0495,-0.0889,Hold,14,0.0509,0.13849999999999998
SPGI,S&P Global Inc.,https://stockanalysis.com/stocks/spgi/,123.45,-0.0092,1737221,16.12,25.46,22.12,3.91,2.01,0.04,0.1425,0.0703,0.4303,0.3054,16.42,1.07,-0.23070000000000002,53.03,0.03,3.96,4.13,15.75,36.64,106.86,0.0092,0.021099999999999997,0.23629999999999998,0.0279,0.037200000000000004,0.2192,Strong Buy,24,0.0298,0.08839999999999999
PGR,The Progressive Corporation,https://stockanalysis.com/stocks/pgr/,121.86,0.0035,2882612,91.02,10.4,12.84,3.51,,0.0943,0.3494,0.0784,0.1656,0.1285,19.93,0.26,-0.16149999999999998,43.94,0.0139,2.63,2.16,8.39,34.33,59.09,0.0019,1.8366999999999998,0.020099999999999996,0.0014000000000000002,0.0033,0.0776,Hold,25,0.0401,-0.0398
HDB,HDFC Bank Limited,https://stockanalysis.com/stocks/hdb/,117.12,0.0117,5400964,31.2,13.85,12.97,1.74,,0.0722,0.1384,0.0175,0.3678,0.26789999999999997,1.67,0.41,-0.3821,37.64,,2.48,25.15,59.85,66.57,4.17,0.0147,-0.11960000000000001,0.20370000000000002,-0.0052,0.0095,0.47,Strong Buy,4,0.1168,0.1378
CM,Canadian Imperial Bank of Commerce,https://stockanalysis.com/stocks/cm/,112.98,0.0109,637118,21.23,16.44,16.15,2.29,,0.0621,0.1539,0.0087,0.4227,0.3398,7.4,1.28,0.648,58.75,0.0129,12.19,237.11,222.2,48.46,51.38,0.024700000000000003,0.1008,0.4061,0.015,0.0397,-0.07629999999999999,Buy,13,0.0594,0.1159
BNS,The Bank of Nova Scotia,https://stockanalysis.com/stocks/bns/,111.55,0.0098,1018571,25.14,16.9,14.31,1.69,,0.0602,0.1104,0.0066,0.3747,0.2791,5.33,1.21,0.5871,58.06,0.0095,3.66,390.21,257.06,65.08,52.19,0.0353,0.0375,0.5964,0.0028000000000000004,0.0381,-0.0282,Hold,13,0.0443,0.1246
BNY,The Bank of New York Mellon Corporation,https://stockanalysis.com/stocks/bny/,110.76,0.0061,1924731,21.42,19.14,17.06,2.79,0.97,0.0542,0.1412,0.0126,0.3812,0.29410000000000003,8.57,1.05,0.6231,66.53,0.0,,221.6,90.12,45.35,58.82,0.013000000000000001,0.14429999999999998,0.25920000000000004,0.0397,0.0526,0.0271,Buy,16,0.0652,0.1533
IBN,ICICI Bank Limited,https://stockanalysis.com/stocks/ibn/,106.33,0.0088,5051702,21.55,17.83,16.9,2.51,,0.056100000000000004,0.1607,0.021099999999999997,0.292,0.2753,1.66,0.26,-0.09880000000000001,49.73,,2.34,7.83,23.94,42.1,5.61,0.0072,0.0006,0.1285,-0.0077,-0.0006,0.22,Strong Buy,4,0.1485,0.1566
PNC,"The PNC Financial Services Group, Inc.",https://stockanalysis.com/stocks/pnc/,102.52,0.0069,785289,24.32,14.0,12.44,1.75,0.95,0.0716,0.12619999999999998,0.0131,0.3861,0.31370000000000003,18.17,0.9,0.32939999999999997,56.53,0.0182,3.64,13.46,87.96,64.06,145.51,0.0316,0.09230000000000001,0.3908,-0.0025,0.028900000000000002,0.094,Buy,22,0.0782,0.1277
KKR,KKR & Co. Inc.,https://stockanalysis.com/stocks/kkr/,102.34,-0.0112,5857955,25.83,34.99,16.35,3.38,0.77,0.030699999999999998,0.0728,0.0139,0.2569,0.122,3.13,1.79,-0.221,58.72,0.0206,3.71,47.56,56.16,80.45,31.75,0.0070999999999999995,0.0556,0.249,-0.0003,0.0069,0.1542,Buy,22,-0.18100000000000002,0.2061
ING,ING Groep N.V.,https://stockanalysis.com/stocks/ing/,102.13,0.0028,1128217,28.81,10.18,11.65,1.72,,0.09820000000000001,0.17120000000000002,0.008,0.5239,0.34490000000000004,3.41,0.9,0.4265,62.95,0.0004,0.49,283.19,299.41,58.71,20.07,0.0366,0.10880000000000001,0.3791,0.06280000000000001,0.0993,-0.038900000000000004,Hold,3,0.0661,0.1553
USB,U.S. Bancorp,https://stockanalysis.com/stocks/usb/,101.93,0.0038,4690420,27.32,12.93,11.87,1.66,1.07,0.07719999999999999,0.12619999999999998,0.0116,0.3909,0.299,5.01,0.98,0.4106,60.05,0.0001,0.01,70.38,99.7,67.9,38.92,0.0322,0.04,0.41509999999999997,0.0034999999999999996,0.0356,0.08960000000000001,Buy,23,0.0683,0.1109
BN,Brookfield Corporation,https://stockanalysis.com/stocks/bn/,97.9,-0.0279,5523918,80.69,74.92,,0.57,,0.013300000000000001,0.0226,0.026600000000000002,0.2717,0.0177,0.54,1.84,-0.021,42.88,0.009000000000000001,5.3,14.89,268.91,166.64,19.03,0.0063,0.1572,0.5023,0.0181,0.0245,0.2821,Buy,11,-0.475,
CME,CME Group Inc.,https://stockanalysis.com/stocks/cme/,97.01,0.0097,1717438,6.76,23.02,21.85,3.68,3.19,0.0441,0.158,0.0148,0.6568999999999999,0.6344,11.79,0.27,-0.0096,59.06,0.0175,2.06,2.28,3.87,26.52,73.82,0.0418,0.056100000000000004,0.9581999999999999,-0.0031,0.038900000000000004,0.059000000000000004,Buy,16,0.060599999999999994,0.0756
BCS,Barclays PLC,https://stockanalysis.com/stocks/bcs/,94.99,0.0018,2114883,37.34,10.11,8.74,0.87,,0.0989,0.1009,0.004699999999999999,0.37549999999999994,0.2787,2.71,0.88,0.3503,47.4,0.0003,1.33,1020.0,1040.0,105.89,6.46,0.0215,0.3517,0.2188,0.0464,0.0679,0.11,Buy,4,0.0565,0.1955
LYG,Lloyds Banking Group plc,https://stockanalysis.com/stocks/lyg/,90.37,0.0016,5368153,26.13,14.0,10.18,1.41,,0.07139999999999999,0.1134,0.005600000000000001,0.38189999999999996,0.2643,0.43,0.91,0.3407,49.15,0.0,0.1,225.26,222.31,62.67,0.95,0.0346,0.2004,0.48350000000000004,0.0304,0.065,0.0695,Hold,4,0.0834,0.25980000000000003
MRSH,"Marsh & McLennan Companies, Inc.",https://stockanalysis.com/stocks/mrsh/,89.63,-0.0046,1113032,27.95,22.81,16.98,5.87,2.54,0.044800000000000006,0.259,0.0724,0.2452,0.1424,8.17,0.58,-0.10060000000000001,51.54,0.015700000000000002,2.76,1.7,22.38,15.43,31.77,0.0209,0.10310000000000001,0.48469999999999996,0.0131,0.0344,0.09910000000000001,Hold,23,0.0524,0.08539999999999999
ICE,"Intercontinental Exchange, Inc.",https://stockanalysis.com/stocks/ice/,86.86,-0.0033,1633994,10.56,22.05,18.92,2.96,1.45,0.0461,0.1409,0.0217,0.5241,0.3825,7.08,0.93,-0.12140000000000001,68.42,0.014199999999999999,1.75,1.07,20.53,29.65,52.68,0.013300000000000001,0.0833,0.29359999999999997,0.0095,0.0229,0.19899999999999998,Strong Buy,15,0.0764,0.12210000000000001
BAM,Brookfield Asset Management Ltd.,https://stockanalysis.com/stocks/bam/,86.73,-0.0277,2859201,5.74,30.09,25.84,6.94,,0.034,0.2677,0.1304,0.6585,0.4889,1.72,1.25,-0.16190000000000002,52.66,0.06,9.04,1.5,4.09,11.87,4.7,0.038900000000000004,0.1492,1.1691,-0.005,0.0341,0.0977,Buy,18,0.1813,0.1515
HOOD,"Robinhood Markets, Inc.",https://stockanalysis.com/stocks/hood/,85.92,-0.0383,14044482,4.93,41.09,39.26,8.68,2.08,0.0252,0.23620000000000002,0.0453,0.4603,0.4201,2.26,2.32,-0.1888,46.32,0.042300000000000004,1.48,23.91,22.93,9.54,10.55,,,,-0.0089,-0.0089,0.29309999999999997,Buy,28,0.1834,0.21170000000000003
ITUB,Itaú Unibanco Holding S.A.,https://stockanalysis.com/stocks/itub/,85.25,0.0082,31065216,27.74,9.3,8.15,1.91,,0.1076,0.2148,0.0158,0.3704,0.3258,0.81,0.16,0.10980000000000001,38.08,0.0032,0.97,93.45,215.39,44.01,3.81,0.018600000000000002,-0.807,0.1723,0.0034000000000000002,0.0226,0.1802,Buy,8,0.0672,0.1003
MCO,Moody's Corporation,https://stockanalysis.com/stocks/mco/,83.99,-0.005,517986,8.16,30.85,27.32,27.81,2.17,0.0332,0.7693000000000001,0.1562,0.4619,0.3425,15.74,1.33,-0.0594,53.31,0.0194,3.42,1.5,7.62,3.17,17.47,0.0083,0.0981,0.26170000000000004,0.0207,0.0292,0.1294,Buy,24,0.07440000000000001,0.12279999999999999
APO,"Apollo Global Management, Inc.",https://stockanalysis.com/stocks/apo/,83.12,-0.0196,2558962,35.6,47.65,13.66,3.93,0.99,0.0239,0.11410000000000001,0.009399999999999999,0.21899999999999997,0.0527,2.81,1.51,-0.0397,55.22,0.0504,5.25,47.62,41.88,41.48,34.04,0.0168,0.10279999999999999,0.8009000000000001,0.0048,0.0216,0.1361,Buy,21,-0.387,0.142
TRV,"The Travelers Companies, Inc.",https://stockanalysis.com/stocks/trv/,77.25,0.001,1222014,48.98,9.85,12.26,2.32,,0.1074,0.2651,0.04769999999999999,0.22030000000000002,0.16949999999999998,37.34,0.46,0.3967,53.14,0.0359,3.63,5.06,9.07,33.12,158.78,0.013500000000000002,0.09300000000000001,0.13390000000000002,0.0404,0.054000000000000006,-0.026099999999999998,Hold,29,-0.02,0.0363
NWG,NatWest Group plc,https://stockanalysis.com/stocks/nwg/,76.27,0.005,2918995,22.3,9.34,8.63,1.28,,0.10710000000000001,0.1478,0.0086,0.5075,0.37729999999999997,2.01,0.82,0.2637,52.99,,0.45,302.49,181.86,58.15,6.46,0.049100000000000005,0.4501,0.4595,0.0182,0.0673,0.1506,Buy,4,0.07150000000000001,0.1106
AON,Aon plc,https://stockanalysis.com/stocks/aon/,75.48,-0.0035,704463,17.58,18.9,17.01,7.58,1.64,0.0538,0.447,0.0583,0.2848,0.2227,18.15,0.68,-0.0649,39.86,0.0235,3.52,1.1,15.87,9.71,45.27,0.0095,0.10210000000000001,0.1807,0.0108,0.0203,0.1632,Buy,22,0.0547,0.11810000000000001
